[{"@type":"workflow","id":"@1","name":"tf_emailstep","description":"desc","maxLogs":10,"references":[{"@type":"reference","refObjectId":"@8N34FH7wk8Lfc9BorgdmO1","refType":"dssTask"},{"@type":"reference","refObjectId":"@4gtnv2QEgT1liF2Z2yXxqo","refType":"mtTask"}],"tasks":[{"@type":"workflowTask","taskId":"@8N34FH7wk8Lfc9BorgdmO1","type":"DSS","name":"DSS_Task1","stopOnError":false,"stopOnWarning":false},{"@type":"workflowTask","taskId":"@4gtnv2QEgT1liF2Z2yXxqo","type":"MTT","name":"MappingTask_test","stopOnError":false,"stopOnWarning":false}]}]