[{"@type":"dssTask","id":"@1","name":"DSS_Task1","description":"","maxLogs":10,"sourceConnectionId":"@j7GFZJjiOIvi9W6TBH5weo","targetConnectionId":"@j7GFZJjiOIvi9W6TBH5weo","targetObject":"dim_time.csv","targetObjectLabel":"dim_time.csv","operation":"Insert","maxRows":0,"truncateTarget":false,"bulkApiDBTarget":false,"verbose":false,"srcFlatFileAttrs":{"@type":"flatFileAttrs","id":27,"delimiter":",","textQualifier":"\"","escapeChar":"","headerLineNo":1,"firstDataRow":2},"tgtFlatFileAttrs":{"@type":"flatFileAttrs","id":28,"delimiter":",","textQualifier":"\"","escapeChar":"","headerLineNo":1,"firstDataRow":2},"targetMetadataUpdated":false,"modelVersion":"V3-R600","queryAll":false,"srcSettings":{"@type":"taskDataSourceSetting","isShowLabels":false,"isNaturalOrder":true},"tgtSettings":{"@type":"taskDataSourceSetting","isShowLabels":false,"isNaturalOrder":true},"cfSettings":{"@type":"taskDataSourceSetting","isShowLabels":false,"isNaturalOrder":true},"bulkApi":false,"bulkApiSerialMode":false,"bulkApiMonitor":false,"isTargetObjectSfCustom":false,"allowNullUpdates":false,"targetBatchSize":200,"assignmentRuleId":"-1","assignmentRuleType":"None","createSuccessFile":false,"bulkApiHardDelete":false,"srcRuntimeAttrs":{"@type":"taskRuntimeAttrs","attrs":{}},"tgtRuntimeAttrs":{"@type":"taskRuntimeAttrs","attrs":{}},"parameterFileEncoding":"UTF-8","serverlessProperties":{},"sourceObjects":[{"@type":"mObject","name":"date_hour_2014.csv","label":"date_hour_2014.csv","metadataUpdated":false,"relations":[],"children":[]}],"advancedFilters":[],"filters":[],"fieldMaps":[{"@type":"fieldMap","id":"7","targetField":{"@type":"field","id":8,"name":"CALENDAR_DATE","type":"nstring","uniqueName":"CALENDAR_DATE","label":"CALENDAR_DATE","parentObject":"dim_time.csv","pcType":"UNISTRING","precision":255,"scale":0,"columnIndex":0,"isKey":false,"isWaterMarkKey":false,"isExternalId":false,"isSfIdLookup":false,"isNullable":true,"isUnique":false,"isCreateable":false,"isUpdateable":true,"isFilterable":true,"isCalculated":false,"showLabel":false,"naturalOrder":0,"typeConfigFields":[],"linkedFields":["CALENDAR_DATE"],"relatedInfos":[],"references":[]},"expression":"CALENDAR_DATE"},{"@type":"fieldMap","id":"8","targetField":{"@type":"field","id":9,"name":"YEAR_NUMBER","type":"nstring","uniqueName":"YEAR_NUMBER","label":"YEAR_NUMBER","parentObject":"dim_time.csv","pcType":"UNISTRING","precision":255,"scale":0,"columnIndex":1,"isKey":false,"isWaterMarkKey":false,"isExternalId":false,"isSfIdLookup":false,"isNullable":true,"isUnique":false,"isCreateable":false,"isUpdateable":true,"isFilterable":true,"isCalculated":false,"showLabel":false,"naturalOrder":0,"typeConfigFields":[],"linkedFields":["CALENDAR_DATE"],"relatedInfos":[],"references":[]},"expression":"GET_DATE_PART(to_date(CALENDAR_DATE, 'YYYY/MM/DD HH24:MI:SS'), 'YYYY')"},{"@type":"fieldMap","id":"9","targetField":{"@type":"field","id":10,"name":"MONTH_NUMBER","type":"nstring","uniqueName":"MONTH_NUMBER","label":"MONTH_NUMBER","parentObject":"dim_time.csv","pcType":"UNISTRING","precision":255,"scale":0,"columnIndex":2,"isKey":false,"isWaterMarkKey":false,"isExternalId":false,"isSfIdLookup":false,"isNullable":true,"isUnique":false,"isCreateable":false,"isUpdateable":true,"isFilterable":true,"isCalculated":false,"showLabel":false,"naturalOrder":0,"typeConfigFields":[],"linkedFields":["CALENDAR_DATE"],"relatedInfos":[],"references":[]},"expression":"GET_DATE_PART(to_date(CALENDAR_DATE, 'YYYY/MM/DD HH24:MI:SS'), 'MM')"},{"@type":"fieldMap","id":"10","targetField":{"@type":"field","id":11,"name":"DAY_NUMBER","type":"nstring","uniqueName":"DAY_NUMBER","label":"DAY_NUMBER","parentObject":"dim_time.csv","pcType":"UNISTRING","precision":255,"scale":0,"columnIndex":3,"isKey":false,"isWaterMarkKey":false,"isExternalId":false,"isSfIdLookup":false,"isNullable":true,"isUnique":false,"isCreateable":false,"isUpdateable":true,"isFilterable":true,"isCalculated":false,"showLabel":false,"naturalOrder":0,"typeConfigFields":[],"linkedFields":["CALENDAR_DATE"],"relatedInfos":[],"references":[]},"expression":"GET_DATE_PART(to_date(CALENDAR_DATE, 'YYYY/MM/DD HH24:MI:SS'), 'DD')"},{"@type":"fieldMap","id":"11","targetField":{"@type":"field","id":12,"name":"WEEK_DAY_NAME","type":"nstring","uniqueName":"WEEK_DAY_NAME","label":"WEEK_DAY_NAME","parentObject":"dim_time.csv","pcType":"UNISTRING","precision":255,"scale":0,"columnIndex":4,"isKey":false,"isWaterMarkKey":false,"isExternalId":false,"isSfIdLookup":false,"isNullable":true,"isUnique":false,"isCreateable":false,"isUpdateable":true,"isFilterable":true,"isCalculated":false,"showLabel":false,"naturalOrder":0,"typeConfigFields":[],"linkedFields":["CALENDAR_DATE"],"relatedInfos":[],"references":[]},"expression":"TO_CHAR(to_date(CALENDAR_DATE, 'YYYY/MM/DD HH24:MI:SS'), 'Day')"},{"@type":"fieldMap","id":"12","targetField":{"@type":"field","id":13,"name":"LOAD_DATE","type":"nstring","uniqueName":"LOAD_DATE","label":"LOAD_DATE","parentObject":"dim_time.csv","pcType":"UNISTRING","precision":255,"scale":0,"columnIndex":5,"isKey":false,"isWaterMarkKey":false,"isExternalId":false,"isSfIdLookup":false,"isNullable":true,"isUnique":false,"isCreateable":false,"isUpdateable":true,"isFilterable":true,"isCalculated":false,"showLabel":false,"naturalOrder":0,"typeConfigFields":[],"linkedFields":[],"relatedInfos":[],"references":[]},"expression":"Systimestamp()"}],"sourceFields":[{"@type":"field","id":14,"name":"CALENDAR_DATE","type":"nstring","uniqueName":"CALENDAR_DATE","label":"CALENDAR_DATE","parentObject":"date_hour_2014.csv","pcType":"UNISTRING","precision":255,"scale":0,"columnIndex":0,"isKey":false,"isWaterMarkKey":false,"isExternalId":false,"isSfIdLookup":false,"isNullable":true,"isUnique":false,"isCreateable":false,"isUpdateable":true,"isFilterable":true,"isCalculated":false,"showLabel":false,"naturalOrder":0,"typeConfigFields":[],"linkedFields":["CALENDAR_DATE","YEAR_NUMBER","MONTH_NUMBER","DAY_NUMBER","WEEK_DAY_NAME"],"relatedInfos":[],"references":[]}],"sortFields":[],"groupFields":[]}]