[{"@type":"mappingTemplate","id":"@1","name":"mapping_emailstep","description":"DO NOT CHANGE THIS !!!\nAzure MS-SQL mapping to flat file, This mapping is used for V2 API testing.\nIf agent is linux,  target directory set to /tmp, if agent is windows target directory set to c:/temp. (handled by automation script)\n\n","bundleVersion":"0","templateId":"@3","hasParameters":false,"valid":true,"fixedConnection":true,"hasParametersDeployed":false,"fixedConnectionDeployed":false,"isSchemaValidationEnabled":false,"tasks":0,"mappingPreviewFileRecordId":"@2","documentType":"","references":[{"@type":"reference","refObjectId":"@dkeH5GF7YoulsyRrpkg3yk","refType":"connection"},{"@type":"reference","refObjectId":"@2lSRpiQvy63duhirVuupSF","refType":"connection"}]}]