[{"@type":"mappingTemplate","id":"@1","name":"VCS_UI_Mapping_SQL_FF_1","description":"Pod Certification Task: Mapping has a src and a target. ","bundleVersion":"0","templateId":"@3","deployTime":1690925843000,"hasParameters":false,"valid":true,"fixedConnection":true,"hasParametersDeployed":false,"fixedConnectionDeployed":true,"isSchemaValidationEnabled":false,"tasks":0,"mappingPreviewFileRecordId":"@2","references":[{"@type":"reference","refObjectId":"@hpiKOzEYaQaiwerjcsNBU3","refType":"connection"},{"@type":"reference","refObjectId":"@30oHJiHcbQTiqJrY6FgnWc","refType":"connection"}]}]